{"cameraMode":{"drawMode":0,"name":"Shaded","section":"Shading Mode"},"sceneLighting":false,"audioPlay":false,"sceneViewState":{"m_AlwaysRefresh":false,"showFog":true,"showSkybox":false,"showFlares":true,"showImageEffects":true,"showParticleSystems":true,"showVisualEffectGraphs":true,"m_FxEnabled":true},"in2DMode":false,"pivot":{"x":5.002950668334961,"y":2.9749109745025636,"z":2.82670259475708},"rotation":{"x":0.0039059314876794817,"y":0.9675376415252686,"z":-0.01666424609720707,"w":0.25253549218177798},"size":5.616010665893555,"orthographic":false}